Date,Binary,Age,UniqueKey,Rank,Tag
2019-01-10,F,25,OWXZTjfeox77,4,APX
2019-01-16,F,55,ISAVZrzilf47,4,TIO
2019-01-16,M,67,JHDPXsthkt59,2,MWP
2019-01-17,M,69,OJAXKyesqo50,5,LNG
2019-01-24,F,8,LJDPIpwbfa44,2,LKE
2019-01-24,M,17,CCDUXqtudx14,2,FCZ
2019-01-28,F,74,LIUXAjodkv11,5,QMB
2019-01-29,M,93,ZGAYRzmmkw33,4,YEA
2019-02-03,F,34,SRQTHcrxpl45,2,TSG
2019-02-08,F,83,YESLAbotzw90,2,CKW
2019-02-09,M,80,PUKHGuzcjt31,2,IXY
2019-02-20,F,44,CKLQBnumcr68,5,VZG
2019-02-23,F,90,LRFEQtrdgn58,2,IYV
2019-03-04,F,41,TECDAuktjt55,5,UDH
2019-03-06,M,56,QXIUCcsuoe41,3,SRC
2019-03-13,M,63,EABUVgoayc25,4,ZMG
2019-03-13,M,50,NINBWrqivg82,2,YTN
2019-03-20,F,23,NCADZdquhw45,2,DNI
2019-03-21,F,62,YBZUOlkxje96,1,OPR
2019-03-22,M,92,KKRJMgkvov30,4,DIO
2019-04-01,F,1,FLTNDmjyce67,4,TIS
2019-04-04,M,24,URKHIljycm33,4,EBA
2019-04-09,M,31,ILJBXdiqsi23,5,OJF
2019-04-14,F,93,FEGULzlkdv22,2,NEO
2019-04-15,M,98,HULGIiyguo77,3,UQT
2019-04-17,M,9,GQPLTjktfi90,2,VZI
2019-04-19,M,76,BFOFHdfegu27,1,CIV
2019-04-20,F,36,GETWYcbrqe49,4,IUZ
2019-04-22,F,46,WBGVXifxwv29,2,KYW
2019-04-24,M,67,QCMXGyrnmf72,5,NAB
2019-04-24,M,70,LPXCAglnxh24,2,ZDR
2019-04-26,M,88,YQRZFvifkr10,4,YZY
2019-05-01,F,14,HFXOQrykha36,5,LYZ
2019-05-06,M,91,XLONGjtigp95,2,KDH
2019-05-08,F,29,NQOKUputwa27,5,TWO
2019-05-11,M,96,PDAMOcygev30,2,VTS
2019-05-12,F,82,DNYJYjlibb50,3,RSS
2019-05-20,M,94,NDNSEvujci57,2,FBI
2019-05-23,M,44,GFAKDnspri92,3,LKL
2019-05-24,F,9,EYOSEzgwhd82,1,ZXD
2019-05-29,M,22,UICBTyvvwk90,5,BMX
2019-06-05,M,57,LRYUVhinzp43,2,AZK
2019-06-06,F,67,CWXZYtmgkq60,1,NBQ
2019-06-10,F,71,ICVEOfupot24,3,WFQ
2019-06-15,M,1,KVUEZxyoak62,4,LCB
2019-06-18,M,30,TJQSPhfvlu60,1,VXR
2019-06-21,F,58,WTIRAbofly83,1,YDX
2019-06-27,F,81,ZSULEnbcqf44,1,NTD
2019-06-27,F,84,WMPTAsfloz87,1,NJE
2019-06-28,M,74,ZBGXOjuhky51,1,PRR
2019-06-30,F,34,YQIJOrojpb49,2,IPJ
2019-07-03,F,93,AJKQUtvzdd49,3,GBF
2019-07-07,F,85,VRILInetya39,5,HVX
2019-07-15,F,34,SJTYGwpxat64,3,AMG
2019-07-20,F,29,ITSAHhhzmj93,3,SNM
2019-07-24,M,15,FDDTJcrvzn49,1,BWD
2019-07-29,F,7,JBQMKmtghw73,4,SQT
2019-07-29,F,28,EJPSMxhifw11,1,WTO
2019-07-30,F,44,VATDSfrowo29,5,DRH
2019-08-01,M,94,PNWPTnhfnj95,2,TUQ
2019-08-08,M,4,QAKXGzilso21,1,MIT
2019-08-10,F,96,YSGDAjcozk35,5,WYI
2019-08-21,M,17,YCGEBqnple81,1,ICS
2019-09-03,M,89,JDLMUludvz14,3,QAY
2019-09-04,F,31,SNXXQtbcxd21,4,XKM
2019-09-09,F,66,JKVDQcofim82,3,QHW
2019-09-11,M,78,NHVDIbzrmu54,2,LDF
2019-09-18,F,12,EEHFCdaras77,1,OPO
2019-09-20,F,31,OYNNDueveg37,3,UFV
2019-09-21,F,58,GVIUCiikos54,2,HOB
2019-10-05,F,7,LZNLJzbenm92,4,ALX
2019-10-07,F,13,ROQCTpsgci56,3,YAT
2019-10-11,F,5,RBPJTdhqoc12,1,XTM
2019-10-20,F,17,NETNFwjesd12,3,QCX
2019-10-24,F,71,JALSNqpsdk69,4,SZA
2019-10-25,M,45,PHJHVfzkwe16,5,YAD
2019-11-05,F,94,DAHCQymfwv63,5,DJM
2019-11-06,M,98,RSEEPtgizz80,1,FLL
2019-11-12,M,64,KXVEOkwusc56,2,FSD
2019-11-12,F,42,EPVUBkkdml70,5,DQB
2019-11-15,F,62,YVUNHhavtx39,4,OHV
2019-11-16,M,97,NSQZPmabmd31,3,TPD
2019-11-17,F,65,JKWXMtdsky71,5,KGO
2019-11-21,F,63,EJWDHlqbvq91,3,QMP
2019-11-22,M,25,LFBPYkrrxz75,2,BGR
2019-11-24,F,38,LJRUWffsnw14,3,QMC
2019-11-27,F,34,DGCPKdhbws66,1,RKP
2019-12-01,M,2,UJRISyoaxd80,1,NVD
2019-12-01,M,63,REWSNwmyfc97,3,LIC
2019-12-02,M,73,PJWQYfjwcu65,4,IJT
2019-12-07,F,91,EBGQUpozrh37,3,XLB
2019-12-08,M,13,VSYRDhxruv42,2,ERL
2019-12-10,M,4,FJZCPjzihp77,5,WOO
2019-12-11,M,12,FLVCHhzruq88,5,CNS
2019-12-12,F,31,UXDJNgmlzc64,1,YLP
2019-12-16,F,64,SAYHXbkiuz28,2,UVH
2019-12-22,M,93,HYPSIyavvi66,5,RPV
2019-12-24,F,63,JXLCEgoqod48,2,NEH
2019-12-26,M,99,LFXKCrdfse10,1,WRK
2020-01-01,M,27,PRCNIhzgvb41,3,UZH
2020-01-02,M,48,HGNUOwxdgo25,4,FWM
2020-01-07,M,49,NLYWRunilg50,2,RKU
2020-01-07,F,52,PFTNKeljgt72,5,GJS
2020-01-13,F,42,GYUFZsjryo16,1,REA
2020-01-14,F,26,VXKULehejs54,3,XOJ
2020-01-14,F,44,QHMXOpzune72,5,FDM
2020-01-17,M,18,DOSBRklzdy79,1,ZDY
2020-01-23,M,14,WEVRJohjgk64,2,GSJ
2020-02-01,M,73,VKDFWtfiyd92,3,GJE
2020-02-02,F,93,AZZSVsrngj90,2,RHY
2020-02-06,F,50,ZZBJUursqx15,5,VXO
2020-02-15,F,15,KEBOUzhztc32,3,ECS
2020-02-16,M,61,MUKVYsmden76,4,KUX
2020-02-29,F,51,IOJMRhjbuw15,4,SEW
2020-02-29,F,22,XDSZRcjhzk90,3,CSI
2020-03-05,M,85,TVQYXqtzjk94,2,HLT
2020-03-06,F,28,WOAYVysaik24,4,NBT
2020-03-07,M,89,CMSVCrnxkl68,1,EJY
2020-03-13,F,33,NVELSpmgks79,3,VFH
2020-03-21,M,33,OXSUPmiclu71,1,SIF
2020-03-23,F,82,DKAPVdkoru28,2,FTJ
2020-03-24,F,23,YYCILlowqo61,5,DTJ
2020-03-24,F,10,VQDAKplani19,3,CIO
2020-04-01,M,25,FYMQFvjrlf37,5,RAJ
2020-04-08,F,35,UQHMZzlrdj58,5,BVP
2020-04-12,F,33,KQJPIxlrbp50,4,YNE
2020-04-12,F,13,URKVJxbzny83,2,IKA
2020-04-15,F,15,UANCXfejpw83,1,KCC
2020-04-15,F,96,OCIZIupnvm94,5,AGI
2020-04-20,M,12,WUEBLbkuhi13,2,ROT
2020-04-23,M,74,ZQZVDrxekw57,3,TRT
2020-04-23,M,1,HRNGNjjfoe66,4,CHZ
2020-04-24,M,26,EAHERelwqh58,1,JZI
2020-05-01,M,82,QLTVBmgwbv99,3,UFL
2020-05-02,M,2,EGFZWrlirv31,1,JNZ
2020-05-03,M,32,CDSTUyaioa35,2,VCM
2020-05-05,M,67,FERSGiaswx97,3,BHA
2020-05-06,M,46,QTNNPvdqtd82,3,GTY
2020-05-11,M,8,LVBMJwirmd84,4,BYG
2020-05-15,M,85,YKTTRakvrb15,3,HXC
2020-05-16,F,27,QNVVPrmpdy92,1,BBN
2020-05-18,F,79,YJMZUsojtc12,5,DUC
2020-05-22,F,16,YZJDKvschz39,3,QFY
2020-05-24,F,4,YDXTZhqred12,3,ZWH
2020-05-29,M,15,CDHVUxqvwh46,4,YIH
2020-05-29,F,95,WWKZPxabub98,3,ZTS
2020-06-02,M,11,RNKPUawfef34,4,VGW
2020-06-07,F,84,LGADHsdwkn84,2,DCE
2020-06-17,M,80,XHVXTaeofy97,4,PBJ
2020-06-21,F,20,PDPQHfvxjc42,3,WXR
2020-06-22,F,78,YWBMYcnvmz63,5,HOV
2020-06-30,M,24,IIGTAdgjta71,5,MNA
2020-06-30,M,12,MNWJTivxks10,1,PEU
2020-06-30,F,39,OIJQAwgkhi85,1,QFY
2020-07-04,M,41,OMJSGokeqi93,4,PCB
2020-07-06,F,52,MGURHvhuow40,1,ZHV
2020-07-10,F,27,ZCKYTbsets13,4,FKH
2020-07-17,M,94,IXPSUhfwpn25,4,UFT
2020-08-10,F,22,CNOYPgpfof81,1,MNI
2020-08-10,M,48,BCZFDudekm11,1,TGA
2020-08-10,M,77,LEFJCyxhuz24,2,OPE
2020-08-12,M,91,UAZJShsdpt61,1,EWP
2020-08-15,M,96,VTBMYldayb89,5,DAW
2020-08-15,M,15,MRLXPtafuk47,4,TEB
2020-08-17,M,93,QJBEHuatpk56,3,PNW
2020-08-18,M,86,DYNRMpedfj30,5,RDW
2020-08-27,M,10,PVGARquojc34,2,VZM
2020-09-01,F,68,AANRWvwbyz99,5,JMF
2020-09-02,M,62,VYEWBeohcw70,2,UEE
2020-09-02,F,94,YIBMXrwuzm85,3,QSK
2020-09-04,F,39,BBUETrdvxw25,5,SSH
2020-09-04,M,34,TACJDwnrjv17,2,FQQ
2020-09-05,F,15,WGMZDavuxd74,2,VEY
2020-09-07,F,42,EVOQUtiobj28,2,ZRX
2020-09-11,M,99,WRZEXbheth66,1,FDE
2020-09-17,F,65,NKLCZyyous15,5,WVG
2020-09-25,M,51,MCASVryfwy64,4,EZG
2020-09-26,M,71,WXHJGnaxmd87,4,UCC
2020-10-01,F,84,JQDJGnaopw97,1,UPQ
2020-10-07,M,76,DJRQKiwmyu68,3,JGQ
2020-10-09,F,42,AGBODzvxad17,2,GKV
2020-10-10,M,28,BEBUSmshlu38,4,RSR
2020-10-11,F,40,JVEZYvkbqt42,1,NSD
2020-10-13,M,99,LIHBLwpjsr68,2,LDA
2020-10-13,F,15,YUWVAmgbtp92,3,SDG
2020-10-22,M,87,OAUNJexfhh82,3,AVS
2020-10-23,F,67,VUPSTsthyp50,3,RRB
2020-10-24,M,65,OYDQSozdhj84,1,SFV
2020-10-28,F,35,VXTQYquvyn59,4,QMY
2020-11-03,M,5,CBIDTzixnt51,5,ILC
2020-11-04,F,60,SAQTIbhjzn46,5,XET
2020-11-06,F,45,IAHWBrcqmc77,5,VBU
2020-11-13,M,32,PIODRctaiz19,4,WUL
2020-11-15,M,70,ZUZUNfvqxq61,1,WSK
2020-11-18,M,41,DSXQOjfhtx47,4,MJC
2020-11-18,F,38,CGPNBawfku54,2,MUQ
2020-12-02,F,2,JKBHOkxkiu90,1,BCR
2020-12-10,M,39,QMBOSadkjy73,1,KAW
2020-12-11,F,3,WDCZVkmfwt66,1,IHB
2020-12-26,F,36,LYUIXnuxye22,2,IVO
2020-12-29,F,39,XHWHDchjfq13,2,UMI
2020-12-29,M,52,HJIXUhrkvx25,5,ZCN
2020-12-29,M,28,LBHGOoawxv22,1,HLS
2021-01-01,M,77,LWOHIdscwf37,1,CVL
2021-01-01,F,88,WUQTCwyicf37,4,RVO
2021-01-05,F,1,BMOOZrbzqs13,1,IKX
2021-01-11,M,86,ACUOMlyicb38,5,XKO
2021-02-07,F,73,DHWWRbjqoe65,2,NAV
2021-02-13,F,84,YCRLJlnize58,2,DWP
2021-02-17,F,36,GBQCTnswbe98,4,NIL
2021-02-17,F,55,HVZJBtirbz92,4,NYB
2021-02-19,F,58,NYPABppxdh87,5,COK
2021-03-01,F,77,UECHEmksva43,2,SOQ
2021-03-11,F,84,NJSLWjmucy80,4,VDQ
2021-03-19,M,38,LDZFGepytq57,5,KXE
2021-03-23,F,93,KAAIJgdzzl76,3,GYC
2021-03-29,M,96,YAZHVfrqli80,5,WTJ
2021-04-01,M,76,GUAPXauxtj94,4,OGB
2021-04-04,M,84,OMJWEsvhcx13,4,TGU
2021-04-16,M,39,HAXEBqrbos15,1,SBP
2021-04-16,M,35,QOFBMaynwz24,5,PDZ
2021-04-17,F,84,AOXSFuqmpz33,3,TWD
2021-04-18,M,32,ORWDSxzhqb35,4,JLX
2021-05-02,F,4,UISLQnhork11,1,ZMK
2021-05-02,M,80,WADFUazjyh36,1,ATT
2021-05-05,M,13,XZCWOpvzls73,2,GKR
2021-05-07,F,53,MMAWLjknef31,2,MHG
2021-05-10,F,14,XVLKJfcuyl89,4,LIC
2021-05-15,M,82,KQNEFtrlej30,5,WQO
2021-05-17,M,4,HZCSYsflgz88,5,MOF
2021-05-26,M,86,ZQVFXqygei82,1,KNW
2021-05-27,F,47,GFBZQxqbfd61,4,NMB
2021-06-03,F,48,YLUFJaynrx85,2,MTI
2021-06-12,M,66,KKQOJafdii67,5,BPJ
2021-06-13,M,61,KPWYSoyxyk61,2,TVQ
2021-06-13,F,81,MYOIPhplip60,5,FWK
2021-06-15,M,27,UUWSJsvzho11,3,FYM
2021-06-21,F,9,NVPOAwjrxg79,5,GLD
2021-06-23,F,40,NSVUJehmtx26,5,UWN
2021-06-24,M,9,LAQHFcqkje78,4,XZZ
2021-06-28,F,69,SLHXGjdhel88,1,RTE
2021-06-29,F,67,GIACHqnpzu82,3,LAN
2021-07-03,F,3,WJGXZkzmfc51,1,YDQ
2021-07-08,F,60,HIKTDznoee92,5,HFO
2021-07-10,M,92,VPUMCjnjqv51,2,WXW
2021-07-11,F,82,CGLUJqzupu99,4,CXZ
2021-07-12,F,35,COWAYwwqhy59,5,RKR
2021-07-16,F,3,DHXTCgjnxn79,2,COJ
2021-07-26,M,86,ZGPWZgrfvk19,4,WNP
2021-07-26,M,72,KIHSLsluae48,5,LND
2021-07-27,M,93,EUZTXymhzx62,5,HSS
2021-08-13,F,40,QJFLZglkti30,1,JON
2021-08-16,F,93,ULZQTumzji13,3,TDK
2021-08-23,M,15,YJPEXzugbs33,3,ANR
2021-08-23,M,94,GAZOLvaldm23,3,XFC
2021-08-26,M,77,ABHCTyhsjv20,3,VOG
2021-08-26,F,76,WCEIDlafht38,1,BGE
2021-08-27,M,91,VMYJTnvzxw57,3,OIX
2021-08-28,F,13,HIWUEuqmbu88,3,CME
2021-08-30,M,3,FBGMWfwxtv41,5,ZVD
2021-08-31,M,43,PLRYFdjcuh30,1,HXU
2021-09-02,M,94,FTXNGrhdws92,5,QKL
2021-09-02,F,50,SUPLJjxbmt91,1,QVI
2021-09-03,M,91,SVQYThqmpe66,5,XMM
2021-09-03,M,14,ZVYTTirzok74,1,EJH
2021-09-05,F,41,FNKRQlepeh34,5,GVC
2021-09-06,M,81,XOKHNukqzi58,2,YRE
2021-09-09,F,47,EYOBEhwcpj43,5,DKR
2021-09-09,M,51,VDEPQhnria26,4,JSD
2021-09-10,M,53,PLZJWoyacx50,2,ZCG
2021-09-12,F,17,XMIQGevzhw89,1,APH
2021-09-13,M,9,PXOSTkpzbs38,5,WIZ
2021-09-14,M,52,ATBCNqzwfs84,4,QBK
2021-09-19,M,4,BCOMBaclrm30,4,NCK
2021-09-21,F,61,TFBSDmfigo63,2,TIX
2021-09-27,F,68,UDKEOexzba43,5,PQH
2021-09-30,F,44,MBECBfbwcs69,5,VPT
2021-10-02,M,49,XSQDMcbtdr21,4,YDG
2021-10-18,M,59,WTALSsjfel15,4,TXU
2021-10-19,F,93,UMEKPktqup61,1,VGM
2021-10-26,M,98,WFNUOpkssg65,1,IYT
2021-10-29,M,16,MXOVXktwry79,2,NAO
2021-10-29,M,43,VYJSYkolnc82,2,ILH
2021-11-05,M,13,HTJWYmdneb38,1,PRX
2021-11-12,M,44,GANRUykvfv79,5,HZN
2021-11-12,F,14,CFTAUzrtqk66,3,OSL
2021-11-21,F,47,KGUQTyepdm37,2,YIL
2021-11-21,F,74,TDCOUajtex86,1,RSQ
2021-11-23,F,20,UEKJOvaluh61,2,BCW
2021-11-24,M,38,XGIMOzkntb50,1,MUK
2021-11-24,F,88,WRJMSvarou90,4,LIL
2021-11-29,F,44,CORJSsmvgn21,4,HHE
2021-12-05,F,72,LTGMUjtutz99,4,MCI
2021-12-10,F,44,MQJCHokxdm41,4,DQQ
2021-12-11,F,80,QHFPLjqysp92,2,KGF
2021-12-11,F,40,IXAWVkcanb68,1,ZLR
2021-12-13,M,18,AYSIRuhedw24,1,JYZ
2021-12-17,M,92,ZQFEUnnasl30,1,RFG
2021-12-18,M,27,IUVSNjnrbd33,1,JXD
2021-12-20,F,98,YKDTXlfrwr66,2,ZUN
